[{
	"labelText": "Использую Git",
	"id": "git",
	"name": "git",
	"checked": "checked"
}, {
	"labelText": "С глазомером всё",
	"html": "<a class='text-down'>ок</a>",
	"id": "pixel",
	"name": "pixel",
	"checked": "checked"
}, {
	"labelText": "Читаю",
	"html": "<a href='http://blog.csssr.ru/' target='_blank' class='link'>blog.csssr.ru</a>",
	"id": "blog",
	"name": "blog",
	"checked": "checked",
	"addClass": "checkbox-height"
}, {
	"labelText": "Я ленивый(-ая)",
	"id": "laziness",
	"name": "laziness",
	"addClass": "checkbox-height"
}, {
	"labelText": "У меня хороший английский",
	"id": "eng",
	"name": "eng",
	"addClass": "checkbox-height"
}]