[{
	"labelText": "БЭМ/OOCSS",
	"id": "methodology",
	"name": "methodology",
	"checked": "checked"
}, {
	"labelText": "Pug (Jade)",
	"id": "html",
	"name": "html",
	"checked": "checked"
}, {
	"labelText": "Stylus/LESS/SASS",
	"id": "css",
	"name": "css",
	"checked": "checked"
}, {
	"labelText": "Работаю с SVG",
	"id": "svg",
	"name": "svg"
}, {
	"labelText": "Верстаю семантично",
	"id": "semantic",
	"name": "semantic",
	"checked": "checked"
}, {
	"labelText": "Accessibility (A11Y)",
	"id": "accessibility",
	"name": "accessibility"
}, {
	"labelText": "ES2015/ES2016",
	"id": "version-js",
	"name": "version-js"
}]